market_hash_name,listings,current_price,volume_30d,buy_target,sell_target,spread_pct,required_pct,profit_per_trade,median_price,price_drift,tradable,note
Surgical Shroud,102,57.88,516,60.24,97.11,61.21,14.99,24.21,84.6245,1.46,True,
Sledder's Sidekick,63,59.43,354,45.94,66.46,44.67,14.98,11.85,51.789,0.87,True,
Vintage Dead Ringer,180,62.35,890,49.75,64.74,30.13,14.97,6.55,57.822,0.93,True,
The Bushman,84,35.09,862,24.88,35.07,40.96,14.95,5.62,30.737,0.88,True,
The Electric Twanger,63,30.07,369,25.78,35.93,39.37,14.93,5.47,29.959,1.00,True,
Strange Claidheamh Mòr,83,18.03,396,16.19,24.17,49.29,14.89,4.83,18.630,1.03,True,
Mann Co. Supply Crate Series #26,252,14.12,677,10.92,17.26,58.06,14.93,4.09,13.061,0.92,True,
Inglorious Patriot,184,33,2783,32.80,42.23,28.75,15.00,3.93,36.3335,1.10,True,
Pretty Boy's Pocket Pistol Strangifier,55,24.15,412,18.13,25.04,38.11,14.95,3.66,23.305,0.97,True,
Vintage Jarate,182,25.42,619,18.56,25.39,36.80,14.92,3.53,21.639,0.85,True,
Commonwealth Commando,71,17.3,508,13.94,19.84,42.32,14.92,3.32,17.263,1.00,True,
The Deadliest Match,254,17.89,2237,14.90,20.72,39.06,14.97,3.12,17.263,0.96,True,
Mann Co. Supply Munition Series #84,895,42.29,2296,38.73,47.70,23.16,14.98,2.76,42.919,1.01,True,
The Color of a Gentlemann's Business Pants,62,32.75,450,26.68,33.75,26.50,14.96,2.68,29.502,0.90,True,
Strange Flame Thrower,183,54.3,475,47.75,57.79,21.03,14.97,2.51,54.378,1.00,True,
Genuine Prinny Hat,329,17.39,348,14.53,19.26,32.55,14.93,2.23,17.5145,1.01,True,
The Night Riders,181,13.25,1906,10.74,14.83,38.08,14.90,2.16,12.947,0.98,True,
Down Under Duster,131,63.53,441,59.53,70.90,19.10,14.98,2.13,64.624,1.02,True,
Safety Stripes,71,22.26,466,18.66,23.81,27.60,14.95,2.05,22.356,1.00,True,
Spyder,923,10.85,339,8.63,12.25,41.95,14.95,2.03,11.603,1.07,True,
Strange Part: Heavies Killed,104,17.89,581,16.07,20.80,29.43,14.93,2.02,19.36,1.08,True,
Alpine Hawk,62,19.16,362,13.81,18.13,31.28,14.99,1.97,16.4,0.86,True,
Barefoot Brawler,71,31.19,559,28.48,34.95,22.72,14.96,1.91,32.149,1.03,True,
Firearm Protector,886,11.51,511,9.44,12.98,37.50,14.94,1.85,11.5675,1.00,True,
Strange Reserve Shooter,179,13.64,709,10.96,14.67,33.85,14.87,1.81,13.600,1.00,True,
Bumble Beenie,38,20.06,373,16.40,20.91,27.50,15.00,1.79,19.455,0.97,True,
Commando Elite,184,12.24,304,9.51,12.98,36.49,14.93,1.78,12.5475,1.03,True,
The Blast Bowl,450,11.51,309,9.50,12.95,36.32,14.95,1.77,12.084,1.05,True,
Strange Silver Botkiller Wrench Mk.II,130,13.64,782,11.76,15.53,32.06,14.88,1.75,13.81,1.01,True,
Vintage Chargin' Targe,182,34.05,450,28.47,34.73,21.99,14.96,1.73,32.022,0.94,True,
Beanie the All-Gnawing,935,11.51,497,9.50,12.89,35.68,14.95,1.71,11.7905,1.02,True,
Bald Spotter,904,11.31,1464,9.47,12.82,35.37,14.89,1.69,11.057,0.98,True,
Civil Servant Mk.II War Paint (Battle Scarred),247,7.67,356,5.22,7.92,51.72,14.94,1.67,6.788,0.89,True,
Hawaiian Hunter,134,17,371,15.70,19.93,26.94,14.97,1.64,17.9405,1.06,True,
Army Guns War Paint (Well-Worn),130,10.45,325,8.82,12.02,36.28,14.97,1.64,10.358,0.99,True,
Siberian Sweater,102,17,557,13.40,17.26,28.81,15.00,1.61,16.4,0.96,True,
The Battle Music,253,13.9,673,11.19,14.67,31.10,14.83,1.58,13.764,0.99,True,
Killstreak Three-Rune Blade,43,54.3,389,49.37,58.56,18.61,14.97,1.56,53.470,0.98,True,
The Sophisticated Smoker,71,64.56,413,58.98,69.47,17.79,14.97,1.43,64.0495,0.99,True,
The Airdog,909,11.31,802,9.53,12.58,32.00,14.90,1.42,11.537,1.02,True,
Eyequarium,71,26.72,451,24.07,29.23,21.44,14.96,1.35,26.813,1.00,True,
Genuine Foppish Physician,452,17.95,1155,15.10,18.81,24.57,14.97,1.27,17.263,0.96,True,
Trucker's Topper,179,13.25,589,10.93,13.94,27.54,14.91,1.20,12.947,0.98,True,
Strange Powerjack,246,13.95,831,12.01,14.98,24.73,14.99,1.02,13.895,1.00,True,
Mann Co. Supply Crate Series #75,921,2.9,905,2.59,4.03,55.60,14.29,0.92,3.0495,1.05,True,
Down Tundra Coat,459,13.21,681,10.84,13.50,24.54,14.94,0.91,12.775,0.97,True,
Winter 2024 Cosmetic Case,921615,2.58,4807,2.22,3.52,58.56,14.86,0.85,2.589,1.00,True,
Color No. 216-190-216,454,35.09,1147,30.21,35.68,18.11,15.00,0.82,33.663,0.96,True,
Spectral Stash Case,682838,2.58,31800,1.83,3.00,63.93,14.75,0.78,2.589,1.00,True,
Summer 2025 Cosmetic Case,482243,2.58,5239,1.86,3.03,62.90,14.52,0.78,2.589,1.00,True,
Winter 2020 Cosmetic Case,101007,2.58,1307,1.86,3.02,62.37,14.52,0.77,2.589,1.00,True,
Winter 2025 Cosmetic Case,2307284,2.58,3967,1.87,3.01,60.96,14.44,0.75,2.589,1.00,True,
Winter 2023 Cosmetic Case,175722,2.58,4085,2.04,3.05,49.51,14.71,0.62,2.589,1.00,True,
Winter 2022 Cosmetic Case,135656,2.58,2377,2.56,3.04,18.75,14.45,0.09,2.589,1.00,True,
Winter 2021 Cosmetic Case,125361,2.58,990,2.59,3.02,16.60,14.29,0.04,2.589,1.00,True,
Summer 2026 War Paint Case,422260,2.58,32973,2.59,3.01,16.22,14.29,0.03,2.589,1.00,True,
Summer 2026 Cosmetic Case,432088,2.58,67061,2.59,3.00,15.83,14.29,0.02,2.589,1.00,True,
Mann Co. Supply Crate Series #37,880,42.22,934,39.23,44.40,13.18,14.99,-0.62,42.294,1.00,False,
Specialized Killstreak Ham Shank Kit Fabricator,461,5.18,667,,,,,,121.145,23.39,False,history is 23.39x the current price
Specialized Killstreak Southern Hospitality Kit Fabricator,457,5.18,152,,,,,,2171.684,419.24,False,history is 419.24x the current price
Specialized Killstreak Persian Persuader Kit Fabricator,454,4.74,253,,,,,,239.092,50.44,False,history is 50.44x the current price
Specialized Killstreak Boston Basher Kit Fabricator,453,5.44,176,,,,,,732.868,134.72,False,history is 134.72x the current price
Specialized Killstreak Pain Train Kit Fabricator,451,4.74,215,,,,,,1525.236,321.78,False,history is 321.78x the current price
Specialized Killstreak Gloves of Running Urgently Kit Fabricator,340,5.33,185,,,,,,271.245,50.89,False,history is 50.89x the current price
Specialized Killstreak Classic Kit Fabricator,340,5.24,131,,,,,,145.872,27.84,False,history is 27.84x the current price
Specialized Killstreak Cow Mangler 5000 Kit Fabricator,339,5.2,137,,,,,,68.905,13.25,False,history is 13.25x the current price
Specialized Killstreak Axtinguisher Kit Fabricator,339,5.2,372,,,,,,154.6105,29.73,False,history is 29.73x the current price
Specialized Killstreak Third Degree Kit Fabricator,336,5.18,283,,,,,,733.802,141.66,False,history is 141.66x the current price
Specialized Killstreak Bonesaw Kit Fabricator,253,5.72,48,,,,,,66.882,11.69,False,history is 11.69x the current price
